"X","NAME","TOTAL_POP","NH.WHITE","HISPANIC.WHITE","NH.BLACK","HISPANIC.BLACK","NH.AI.AN","HISPANIC.AI.AN","NH.ASIAN","HISPANIC.ASIAN","NH.NH.PI","HISPANIC.NH.PI","NH.MULTI","HISPANIC.MULTI","MALE","FEMALE","AGE_0","AGE_1","AGE_2","AGE_3","AGE_4","AGE_5","AGE_6","AGE_7","AGE_8","AGE_9","AGE_10","AGE_11","AGE_12","AGE_13","AGE_14","AGE_15","AGE_16","AGE_17","AGE_18","AGE_19","AGE_20","AGE_21","AGE_22","AGE_23","AGE_24","AGE_25","AGE_26","AGE_27","AGE_28","AGE_29","AGE_30","AGE_31","AGE_32","AGE_33","AGE_34","AGE_35","AGE_36","AGE_37","AGE_38","AGE_39","AGE_40","AGE_41","AGE_42","AGE_43","AGE_44","AGE_45","AGE_46","AGE_47","AGE_48","AGE_49","AGE_50","AGE_51","AGE_52","AGE_53","AGE_54","AGE_55","AGE_56","AGE_57","AGE_58","AGE_59","AGE_60","AGE_61","AGE_62","AGE_63","AGE_64","AGE_65","AGE_66","AGE_67","AGE_68","AGE_69","AGE_70","AGE_71","AGE_72","AGE_73","AGE_74","AGE_75","AGE_76","AGE_77","AGE_78","AGE_79","AGE_80","AGE_81","AGE_82","AGE_83","AGE_84","AGE_85"
1,"Alabama",4887681,3198350,183292,1294335,15239,27413,6868,70692,1662,2527,2521,77173,7609,2363320,2524361,57853,58664,59507,59981,59290,58261,59278,59859,59967,60571,62832,62729,61769,61463,61493,61576,61782,64979,64359,63223,63911,64163,64562,65667,66484,66398,68145,70367,69617,65585,62256,60452,60041,61218,59425,60401,60936,60993,62809,58673,58184,58208,55676,58373,57399,59033,62005,65695,64899,60973,59522,59878,61689,66093,67238,66898,67370,67514,68578,66165,65701,65944,63641,62589,60425,57471,55471,53660,52654,51500,51046,52837,38154,37858,36630,37348,31807,28737,27432,25274,23804,20996,19627,18047,15689,90410
2,"Alaska",735139,444054,37185,24709,2943,107847,6159,46647,1191,9812,501,48924,5167,383447,351692,10248,10418,10614,10562,10612,10575,10386,10577,10381,10114,10207,10090,9738,9857,9609,9603,9494,9611,8902,8238,9514,10175,10455,11065,11505,11854,12553,12757,12553,11911,11761,11326,11507,11579,10941,11187,10652,10349,10209,9284,9029,8878,8294,8507,8043,8147,8475,8934,9217,8601,8402,8473,8721,9289,9567,9786,9789,9946,10132,9531,9489,9414,8909,9064,8439,7919,7445,6877,6645,6163,5796,5673,4158,4081,3806,3573,3081,2793,2423,2069,1927,1677,1493,1398,1234,6859
3,"Arizona",7158024,3899826,2028584,314495,49654,283892,97038,241172,18756,13473,6061,146310,58763,3557384,3600640,81730,84444,87060,89780,89784,89427,89544,90379,90029,91637,95857,96211,95074,94477,94002,91105,92164,94896,98151,96868,95673,96897,97815,100416,101038,102103,104533,106492,104910,98893,95637,92815,94014,93874,90805,92835,92869,91710,93918,86828,85023,84738,82709,85702,83175,82323,84845,89452,89874,84845,82093,80797,81270,86411,87476,87597,87775,89023,89858,86887,86876,86277,83856,84165,82111,80103,78168,77171,77031,76096,76814,81406,60077,59492,58109,59217,50993,46307,43079,39402,36666,32794,30130,27289,23445,142383
4,"Arkansas",3009733,2174528,207026,464270,7718,22910,7382,47838,1764,10110,1151,58403,6633,1478109,1531624,36922,37481,38591,38880,38407,37958,38700,38621,38876,38878,40326,40873,40011,39912,39548,39437,39178,40105,39592,39295,40392,40263,40372,39835,40276,40349,41311,42656,42351,39728,38640,37658,37742,38019,37821,38260,38295,38646,39572,36654,36179,35607,34369,35910,34487,35054,36600,38101,38315,35758,34780,34935,35522,39100,39928,39854,39589,39716,40007,38831,38335,38068,37073,36773,35785,34509,33139,32225,31404,30999,30694,32259,23501,23660,22894,22901,20117,18494,17458,15713,14619,13053,12140,11586,9901,59360
5,"California",39461588,14580021,13917411,2220584,327404,163662,482964,5781754,239254,145844,52900,1096864,452926,19618452,19843136,464998,480187,487917,497761,495620,496541,495139,506625,495017,494239,513068,514371,508821,506402,504056,501905,496620,512461,528002,503234,508395,518676,534451,558968,579461,591964,617738,645737,646701,617424,601895,583999,580814,582002,563494,566527,562329,549192,556146,516126,505102,501637,492010,506063,487811,489046,498719,521037,540913,509726,496657,484776,487455,512334,514988,510545,502907,503291,512563,483685,475984,466371,449001,445019,420269,400629,378413,365715,361629,342039,333023,338649,261657,256206,239854,236111,206700,188362,179466,165577,155537,142333,132392,124281,109971,740112
6,"Colorado",5691287,3866183,1090748,229613,30193,36800,54644,186981,9698,7621,3255,130341,45210,2865761,2825526,64545,66040,67546,68385,68236,67767,68460,70126,71138,70940,72541,73494,72982,73192,73194,72653,70667,71850,73392,73047,70785,71673,74327,78199,82237,86819,90963,92700,93361,90152,88550,88908,89645,89020,85460,86011,84627,83470,83718,77594,75805,74050,71335,73417,70245,70157,72645,76278,76490,71872,68097,65899,65891,70375,72058,72670,73007,74440,74981,72435,71753,70999,68362,67343,64969,63016,59999,57103,55181,52430,51203,52989,37588,36158,34387,33728,28848,25684,23788,21935,20367,18304,16858,15633,13856,88245
7,"Connecticut",3571520,2375997,483549,364678,63638,7758,12378,169113,4147,1265,2555,62884,23558,1742123,1829397,34941,35982,36746,37661,37718,37903,38613,39627,39758,40322,42097,42917,43548,44537,45060,45319,45800,47119,51499,51922,51876,50891,47705,45938,45980,46495,45021,44167,44117,43435,44410,44220,45225,44989,43716,43839,43907,43358,44322,42287,41479,41406,40413,41611,40595,42027,44717,48554,50683,48916,48861,49666,51882,54502,54975,54022,53567,54504,54645,52620,51939,50645,48362,47055,44294,42210,39554,37244,36426,34937,35023,37340,27720,26790,26369,27596,23031,20238,18830,17596,16803,15178,14424,13616,12207,91461
8,"Delaware",965479,598844,72287,211390,10484,3006,3434,38434,667,343,670,22318,3602,466838,498641,10666,10977,11146,11100,11067,11011,11301,11388,11291,11275,11536,11521,11589,11465,11549,11625,11536,11669,12912,12453,11868,11024,11000,11708,12270,12444,12906,13686,13897,13798,13070,12384,12177,12367,11865,12073,11674,11582,11852,11383,10970,10569,10126,10530,10256,10595,11122,12117,12558,11819,11858,12314,12685,13453,13673,13731,13663,13843,13905,13535,13876,13595,13365,13150,12766,12660,12195,11758,11574,11365,11441,12100,8648,8338,8153,8367,7205,6295,5706,5250,4982,4347,4024,3751,3166,19975
9,"District of Columbia",701547,260081,58885,316103,11116,1418,2685,29808,946,345,608,15801,3751,332904,368643,9605,9409,9063,8884,8257,8456,8050,7657,6802,6443,6232,6077,5579,5373,5183,5039,5063,5476,9018,12168,10627,9037,8389,11002,13751,14771,16119,16898,17598,17583,17693,16886,16312,15615,14583,13944,13143,12361,11887,10894,9759,9247,8242,8233,7679,7764,7750,8117,7837,7396,7236,7127,7143,7584,7661,7617,7311,7394,7454,7021,6962,6797,6670,6644,6524,6087,5684,5561,5458,5230,5050,4953,3800,3757,3568,3432,3188,2773,2703,2445,2232,2079,1893,1827,1648,12083
10,"Florida",21244317,11389285,5051133,3300745,289212,53498,52926,595189,24113,13522,10509,354221,109964,10385373,10858944,223020,226775,230442,231159,231684,229031,231631,233305,230511,231078,240600,242710,241980,239604,238478,232777,239853,247367,246718,236199,241543,246084,250201,259581,267543,272908,282697,293734,296107,284511,276006,268937,268943,270655,262901,266428,265641,261952,267047,252557,250906,251383,245286,251781,247610,254831,266866,279764,281397,265820,262745,266140,273926,292020,297564,295446,293781,296140,296564,285486,282393,281638,273574,273197,266417,260161,255139,253407,250448,248091,251162,269003,203831,200922,197060,204062,176650,160428,150557,140656,132507,120368,111541,103434,89156,572161
11,"Georgia",10511131,5514946,846843,3309278,95673,23916,30832,439995,9490,6520,5760,194106,33772,5111831,5399300,127795,130201,132458,134398,133779,133405,136358,137774,138692,139533,145755,146757,146082,144595,144786,143407,143639,147463,148131,144070,141692,140525,140406,144357,147457,151245,154378,156448,155367,148739,143557,140912,140199,142071,137736,140405,141267,140821,145160,136784,134144,133671,130172,135632,132946,137233,142902,149519,149464,139030,134707,134747,137310,142941,143317,140266,138032,137432,136368,130166,126847,125814,120121,117980,112228,107064,102283,99321,97434,94467,93852,95951,70139,68647,65459,65510,55338,50106,46556,42132,38379,34144,31610,29419,24958,146769
12,"Hawaii",1420593,310830,54740,27955,3174,3033,2564,517118,16370,133926,10256,276840,63787,711291,709302,17086,17493,17568,17462,17803,17989,17662,17617,16786,16472,16902,16431,16184,16045,16291,15951,15381,15619,15123,15094,16482,17431,18157,18906,19773,20252,20812,21713,21221,20008,19903,19981,19662,19783,19618,19828,19612,19321,19463,18209,17544,17077,16511,16615,16128,16200,16759,17391,18365,17027,16629,16370,16656,17784,17741,18046,18059,17981,18983,18074,18181,18205,17999,18074,17580,17446,16762,16082,16538,15677,15519,15147,12141,12094,11526,10291,9135,8300,7747,6892,6600,5977,5613,5475,4939,41619
13,"Idaho",1750536,1432312,197740,13117,2665,19375,11142,25144,1817,3095,711,35287,8131,877331,873205,21934,22621,23508,24127,23630,24120,23870,24591,24887,25229,26143,26282,25992,26002,25983,25334,25033,25553,24409,22971,21751,22280,23491,23223,23998,23989,24090,24256,24018,22921,22197,22028,22343,22930,22714,23085,23223,23218,23557,22426,21931,21451,20595,20916,19863,19412,20185,21049,21007,20127,19072,19257,19224,19942,20652,21265,21704,22108,22103,21363,21685,21884,21136,20937,20547,20392,19623,18702,18091,17602,17409,17901,12958,12734,12421,12572,10622,9587,8952,8173,7329,6610,5952,5581,4721,29232
14,"Illinois",12723071,7775324,2011617,1790416,68226,19248,55455,722207,15938,3681,4622,207581,48756,6251344,6471727,146417,150177,153880,155512,152992,152757,154402,156332,157483,156971,161953,163342,163367,164115,166416,165167,164850,168917,166903,161590,163608,164711,167600,172640,175858,178185,181913,183238,182178,175383,173581,171424,173171,175778,170211,171850,172102,170127,175136,163766,160509,159138,153913,157802,152594,153918,161424,169536,170833,161383,158301,158645,161175,170513,172243,172413,172080,175181,176682,170514,168813,165381,158457,156815,147732,140854,134392,129903,124922,119041,116585,119754,87935,84889,82947,85559,74955,66889,62167,58333,55415,50230,47328,44137,38223,266615
15,"Indiana",6695497,5277232,419004,637238,23338,15436,12231,162118,3431,2519,1905,125302,15743,3301286,3394211,81396,82365,84641,85849,85576,85843,85784,85902,86505,86745,89524,90124,89711,89260,90218,89514,89183,92482,89723,96312,97233,96126,95151,92840,91585,91954,95388,93820,90960,87329,84885,82940,83918,85016,82472,84653,85156,85332,87810,82952,81089,80020,77438,80259,77377,79159,82803,88155,87075,81738,79723,80894,82120,87693,90112,89226,89607,91629,91567,88731,88970,87374,83906,82623,79328,75805,72871,69393,67007,65148,62679,65217,46266,45782,44411,45756,39598,35824,32882,31053,29296,26181,24425,22723,19584,130803
16,"Iowa",3148618,2686510,172557,119465,5568,9553,7234,81609,1498,3676,679,53591,6678,1566963,1581655,37914,38971,39937,40486,40339,39979,39665,39309,40775,41035,42042,42208,41906,41192,41027,40853,40501,41186,42810,47014,47104,46714,46201,43666,42623,41670,42486,41054,40376,38464,37230,37044,38849,40476,39390,40286,40953,40255,41372,38912,37407,36374,34529,35851,33499,33514,35557,37756,38466,36722,35569,36349,36894,39322,40745,41490,42448,43603,44003,42339,42256,41789,40458,40416,38628,37188,36332,34694,32943,31375,30310,31458,22496,21959,21569,22004,19246,17988,16946,16112,15380,14099,13567,12599,11087,79008
17,"Kansas",2911359,2203290,312884,167270,11269,22923,11615,89093,2318,2726,865,74679,12427,1450771,1460588,35757,37302,38266,38429,38866,39104,39191,39674,40102,39624,40498,40480,40041,39706,39713,39845,39069,39829,39906,41997,43695,42885,42993,43188,40895,40467,40799,39001,38168,37167,36708,36614,37821,39009,38185,38551,38819,38401,38575,35853,34569,34394,32651,33230,31464,31450,32731,34505,35051,33100,31619,31960,33028,35376,36864,37695,38057,38970,38871,37949,37566,37642,36128,35787,34352,32789,31328,30093,28629,27210,26563,27647,19631,19433,19042,19145,16396,15101,14079,13297,12837,11555,11010,10423,9363,65586
18,"Kentucky",4461153,3763798,146582,364701,10374,9365,3965,68664,1710,2949,1140,81333,6572,2197550,2263603,54093,54587,55290,55684,55781,55627,55198,54983,54920,55590,56894,57581,56839,56832,57040,56538,55998,57728,58103,57818,58774,59001,59891,61301,61309,61135,62784,64360,62744,58731,55916,54658,54191,55223,54214,55835,55915,56900,58420,55515,54883,54567,52514,54006,52524,53570,57084,59689,58921,56123,55349,55632,56594,61068,62433,61638,61546,61857,62129,60381,60498,59486,57221,57208,54902,52035,50571,48714,47200,46340,45055,46967,33166,32674,31806,31932,27497,25226,23554,21964,20543,17709,16551,15284,13486,81115
19,"Louisiana",4659690,2730586,199942,1502395,23462,30118,6286,81279,2529,1793,1056,70721,9523,2274242,2385448,59367,61398,62248,62048,62031,60471,60188,60424,60056,60723,62831,62998,61142,60596,59997,59543,59549,61144,59708,56390,58283,60081,61256,63761,65205,66065,68162,71239,70229,67601,64716,64110,64989,65766,63805,64317,64046,63286,63215,58674,56688,55883,52925,53015,51292,52021,54556,56909,57089,54953,54531,54992,56307,60391,61680,61484,61924,62705,64031,62083,60577,60536,58904,58473,55616,52490,50035,48774,47018,44748,43702,45227,32684,32460,30901,30877,26807,24601,23096,21096,19985,17697,16590,15403,13210,81066
20,"Maine",1339057,1247056,19039,20851,1095,8861,774,16699,317,382,77,22377,1529,655683,683374,12208,12486,12895,13135,13194,13262,13294,13293,13862,13877,14307,14627,14676,14872,14810,14833,15000,15672,16405,16199,15538,15076,14851,14780,15232,15652,16089,16245,16406,16277,16071,15907,16219,16148,15333,15569,15804,15566,16022,15200,15069,14718,14400,15072,14979,15405,16711,17892,18089,17526,17578,18099,18530,19623,20551,21032,21294,21686,21543,21530,21740,21470,20777,20533,20281,19687,18966,18124,17617,17315,17305,17844,12320,12060,11972,12132,10278,9013,8327,7865,7328,6714,6318,5953,5227,33672
21,"Maryland",6035802,3050032,499817,1800982,66382,14748,21514,393904,7627,3040,3639,146718,27399,2924599,3111203,71222,72223,73570,74146,73017,73137,74011,75100,74744,73630,76415,76286,75228,75050,75262,74590,74765,77042,79902,74671,74255,73817,73263,75970,78204,80875,81508,84303,86200,83549,83420,83116,83011,83691,81722,82245,82260,82021,83025,77212,75037,74193,71997,73967,70853,72808,77458,82486,84000,80562,80361,81039,83137,87747,89129,87905,86726,87020,86815,83689,81552,79596,75522,73940,69604,67160,62984,61324,58733,57036,56393,58032,42457,41608,39720,40643,35182,31271,28880,26730,25149,22329,20770,19404,17006,118170
22,"Massachusetts",6882635,4925096,644785,499155,114151,12391,21350,478443,7192,2902,4341,126367,46462,3339710,3542925,71091,71408,72119,72560,72783,73335,73692,74985,74074,73799,76270,76885,77281,77996,80174,80996,81209,84128,99530,107337,103065,99025,95996,94216,97550,99950,100534,100688,102537,100839,100087,98587,96928,95801,91244,91065,89611,86895,87777,83695,81834,79902,78575,80877,78923,81038,85631,91205,93988,90818,90896,92126,94567,99231,100329,99504,98450,99143,98861,95824,95056,92513,88587,87300,82890,79532,75517,72867,70307,68544,67525,70256,50645,49478,47864,48854,41506,36787,33873,31847,30363,27997,26376,24986,22126,159575
23,"Michigan",9984072,7481865,438832,1375864,32398,56844,16343,327039,3982,2736,1353,221247,25569,4916210,5067862,109864,113325,115101,116444,116932,116079,116467,117133,118297,117846,121065,123050,123463,124528,126721,126414,127377,132076,135975,130593,134845,137800,139048,141507,140141,138979,140465,144332,140633,128608,123512,118898,120356,121415,117066,119281,120323,119963,122504,116695,114766,112900,109881,113362,111914,115054,122850,132124,133209,126672,125471,127272,129738,136598,141194,141643,142313,144537,144936,142617,144079,142620,136647,134234,128964,123267,119182,114560,109040,105495,102724,106445,75929,73956,72925,75981,65517,57685,52940,49279,46162,41476,39359,36760,31553,213121
24,"Minnesota",5606249,4456172,257823,369929,12683,59935,17048,282603,3906,2850,1239,126504,15557,2792427,2813822,67799,70351,71468,72283,72823,72193,71866,71671,72639,72248,74307,74633,73734,73661,74282,72605,71201,72673,71123,70251,70445,71070,71658,72005,73685,74976,76782,74154,75479,74513,74623,75882,77238,79231,76956,77971,78453,77507,77394,71970,69184,66678,63876,65087,61578,61697,64710,70203,71606,68542,66926,67156,69475,74150,76648,78078,78594,80269,80595,77423,76501,74699,71264,69922,67091,64345,62066,58853,56121,52985,51076,52515,37785,37598,36451,37406,32287,29459,27654,25897,24221,22393,21020,19461,17223,121678
25,"Mississippi",2981020,1684256,78189,1115908,10941,14868,3622,31549,800,1040,753,35120,3974,1445523,1535497,36382,37179,37324,37687,37643,37343,38279,38246,38778,40219,41853,42946,41304,40519,40282,39949,39595,41135,41521,40705,40184,40099,40614,41764,41554,41762,42733,42732,42196,40156,37294,36557,36756,37770,36517,37811,38176,38596,39108,36468,35747,35732,34614,35015,34288,35088,36889,38420,38159,35918,35542,35072,35993,38656,39297,39305,39618,40038,40464,39174,38578,38760,37236,37183,35428,33290,32288,31630,30778,29416,28821,30209,21729,21342,20657,20718,17821,16520,15583,14368,13646,12041,11205,10441,8546,52021
26,"Missouri",6121623,4857213,223477,710233,13576,26711,8455,126755,2551,7879,1550,130449,12774,3004921,3116702,72024,73888,74975,75697,75949,75105,75067,75841,75846,76282,78692,78965,78564,77978,77886,77577,77105,79243,77759,79265,80411,81061,81601,82017,82965,84123,87404,87314,85146,81538,78840,78749,80466,80875,78147,80463,79662,79053,80284,74443,72839,71267,68153,70318,67501,68864,72840,77815,77470,72945,71318,72611,74013,80207,83460,84696,86044,87366,87497,84294,83489,83285,79421,77832,74970,71240,68692,66455,64001,61845,60528,63375,45593,45300,44646,45655,39414,36030,33261,31042,28910,26081,24608,23084,20524,132554
27,"Montana",1060665,912054,31695,5633,627,64770,6106,9136,406,744,155,26046,3293,533852,526813,11592,12226,12635,12865,12753,12616,12658,12669,12747,12792,13197,13328,13075,12820,12728,12511,12649,12888,12369,13372,13705,14295,14857,14942,14603,14637,14761,14302,14100,13430,13114,12995,13124,13431,13402,13712,13791,13435,13681,12793,12632,12231,11609,11551,11083,11104,11396,12349,12284,11752,11420,11470,11821,12978,13576,14098,14594,15171,15441,15262,15572,15636,15295,15256,15110,14788,14330,13788,13175,12546,12109,12476,8970,8692,8568,8617,7253,6806,6120,5663,5180,4803,4372,3933,3504,22681
28,"Nebraska",1925614,1513752,186401,93449,5815,16188,12745,49941,1640,1195,1105,36611,6772,961374,964240,25355,26255,26583,27223,26823,26479,26192,26327,26538,26718,27047,26696,26676,26699,26553,26288,25929,25856,25865,27504,27748,27648,27027,27179,26756,26469,26967,25384,24875,24266,24759,25070,25326,26234,25628,26347,26249,25993,25998,23800,23156,22605,21670,22422,21086,20775,21983,22457,22752,21554,20676,20867,21466,23119,24057,24507,24937,25302,25674,24864,24395,24172,23534,23140,22238,21206,20750,19904,19017,18314,17348,17843,12683,12546,12546,12397,10792,9736,9298,8785,8391,7881,7294,6934,6223,42989
29,"Nevada",3027341,1476439,774651,277358,28636,26156,24691,247512,13162,19031,4713,103555,31437,1518521,1508820,35459,36744,37514,38191,37651,38097,37524,38787,38559,38564,40338,40121,39425,38704,38363,38124,37701,38376,35189,31455,32354,33808,36086,38781,40553,42012,45136,46922,47672,45098,44364,43145,43386,43892,42324,42879,42787,42088,42720,39688,39191,38503,37556,38630,37585,38217,39237,41557,42122,39570,38246,37423,37708,39946,39738,39143,38982,39015,39443,37231,37286,36947,36244,36519,34786,33531,32466,31748,31699,30732,30887,32250,23922,23257,22383,22392,18973,16842,15775,14156,12954,11362,10141,9242,7759,43464
30,"New Hampshire",1353465,1218114,43923,19265,4073,2896,1172,39320,494,384,247,20991,2586,670773,682692,12065,12600,12923,13172,13058,13774,13405,14147,13915,14060,14568,15025,15212,15488,15846,16094,16152,16283,17613,18522,18757,18620,17965,16784,17061,17180,17524,17228,17083,16909,16749,16644,16986,16832,15871,16321,16142,16029,16172,15262,15113,14651,14564,15317,15170,15759,17318,18923,19085,18691,18563,19180,19629,21100,21719,22018,21944,22476,22309,22050,21620,21302,20048,19715,18869,17968,17256,16328,15715,15445,15496,16139,11077,10708,10450,10634,9029,7759,7211,6561,6116,5591,5333,4955,4396,30124
31,"New Jersey",8886025,4895285,1517358,1146792,184354,12710,41514,861675,16034,3106,6889,137688,62620,4340687,4545338,100689,102903,104767,104896,104949,105084,105980,108262,107346,106667,109972,111046,111231,112214,113602,113406,112733,115446,112115,102062,104802,108408,109884,111289,113618,115947,115759,116102,116741,113552,112508,112707,114853,115804,113273,115689,116044,114936,119049,113257,111972,111061,109527,113347,109663,110910,116420,123801,127483,122336,121309,122108,125234,131301,131923,130901,129135,130100,129735,125325,122951,119600,113945,111033,103630,98470,93044,89938,87229,83478,83098,87138,65450,62788,60215,63641,54601,47966,45513,42407,40482,37095,34695,32308,28777,203350
32,"New Mexico",2092741,777297,939142,38840,14821,184596,44371,32085,4815,1376,1956,31439,22003,1035540,1057201,23262,23931,24992,25630,26012,26344,26314,27192,27358,27667,28252,28281,27911,27986,27545,27559,27483,28105,28035,27807,27817,27862,27838,28889,28855,29207,29872,29660,29067,27622,27628,27434,27674,27994,27339,27782,27444,26521,26894,24855,24232,23762,23220,23525,22512,22754,23519,24436,24693,23741,22866,23241,23457,25482,26364,26855,27925,28282,28718,27387,27450,27672,26975,26777,25950,25414,24910,23957,23957,23160,22697,22901,17192,17007,15952,15855,13798,12540,11653,10893,10129,9130,8525,7929,6704,40723
33,"New York",19530351,10847252,2787105,2825732,606578,56909,132656,1699796,39627,8847,18131,348274,159444,9484218,10046133,227959,228570,229542,230262,225834,226820,226054,228431,222053,216573,221964,222592,221726,224399,227240,228057,228312,234305,251092,246134,250877,251461,251915,265133,278263,287035,291179,302410,306939,294147,289979,282831,278785,277387,262108,261448,258203,251235,257951,241701,235644,232860,226660,235919,225209,227217,237228,254409,265812,253220,250160,252045,259347,275238,276430,273543,268824,271524,278010,265538,261512,256095,245725,243257,228194,217645,208556,202582,199489,190212,186500,190500,143311,140137,133085,136606,119367,107543,102622,95054,90956,82967,77938,73392,64941,458422
34,"North Carolina",10381615,6530778,806219,2219017,87610,116451,47395,312686,11236,6836,5967,201241,36179,5050327,5331288,119849,120830,122989,123776,123747,122995,124349,124905,127444,128933,132966,133984,133067,131936,132119,131310,131054,135559,143029,145317,142440,137877,137597,139284,141734,143140,146129,149048,147079,142081,136789,133476,132742,132616,127866,132100,131735,131127,134808,128236,128465,128387,124058,129097,126754,130891,137716,146237,145486,136647,132634,132453,133031,139662,142289,140855,139333,139893,139813,135715,134710,132587,128838,127014,123539,118836,115250,111364,108505,105986,105812,110256,80322,78371,75013,75759,64493,57925,53183,48709,45672,40801,38869,36093,30607,185623
35,"North Dakota",758080,637212,23508,24086,1029,38927,3319,12369,337,449,100,15112,1632,388034,370046,10520,11092,10959,11024,10692,10436,10198,9852,9884,9823,9818,9787,9550,9368,9041,8791,8619,8601,9316,11717,12035,12361,13239,13051,12598,12435,12226,12390,12261,11563,10812,10613,10761,10974,10385,10542,10339,9948,9819,9040,8806,8339,7787,8014,7576,7558,7664,7942,8103,7852,7658,7685,7929,8548,8947,9335,9484,9697,10053,9739,9659,9540,9347,9163,8612,8343,7984,7373,6929,6601,6334,6411,4810,4742,4604,4511,3945,3647,3418,3364,3255,3108,2950,2814,2512,18908
36,"Ohio",11676341,9190310,374628,1473445,43208,22781,10801,279730,4028,4607,2191,246380,24232,5722437,5953904,135052,137235,140241,141669,141909,142094,140913,140719,141526,142721,146118,147931,147726,147021,148785,148423,149250,154209,153921,154439,151170,148691,150216,152352,154615,158133,162664,163170,163113,157837,151285,147575,147484,148435,141798,144222,145145,145373,148386,140106,136191,134040,129810,135021,130915,134078,143454,154247,154254,146418,143016,144973,147352,156527,160515,160399,162100,166286,166972,165248,166913,164341,156478,154920,146897,140590,135861,130346,125629,122060,119360,125115,86295,82616,80712,85482,74955,67414,62357,58556,56336,50866,47217,44839,38443,256255
37,"Oklahoma",3940235,2575528,347187,292209,13945,330019,39789,89156,2857,6612,1448,218258,23227,1952266,1987969,49185,51150,52638,52833,53253,53696,53298,53724,53532,53673,54598,54823,53611,53355,53270,52584,52472,52868,52464,53523,54706,54024,54242,55302,55495,55075,57207,57904,56628,53960,52341,51454,52495,53602,52631,53839,53532,52147,53176,48833,47031,46560,44952,46307,43959,44452,46272,47991,48297,45133,43597,43171,44229,47804,49446,50558,50724,51561,52230,49893,49543,49064,47439,47093,45266,43077,41005,39680,38571,36974,36431,38289,28138,28321,27707,27197,23747,21761,20681,19153,17832,15777,14783,13957,12189,73250
38,"Oregon",4181886,3154504,478122,80838,10804,46708,29396,194104,5777,16784,2078,135884,26887,2073087,2108799,43402,45026,46939,47556,48080,47754,47977,48713,49129,48732,50568,50254,49623,48972,49294,48797,48397,49862,50366,48767,49845,51515,53142,54675,55765,57179,59736,63052,62879,60086,58601,58189,59015,59868,58258,59468,59596,58639,60003,56012,55253,54098,52309,52852,50416,49942,51498,54988,55302,52049,48856,48408,48491,50627,51468,52569,53423,54495,55422,53818,54614,55422,54402,55046,54982,54085,52147,50373,49118,47247,46143,48169,34211,33678,32368,32353,27291,24401,22688,20644,18932,17037,15567,14233,12458,84262
39,"Pennsylvania",12800922,9740650,734679,1390222,141051,18734,30944,459441,10041,3935,5845,214279,51101,6271541,6529381,136485,138695,141592,143651,144385,144063,144537,145372,146057,145871,150085,150773,150343,151187,152902,153358,152950,158315,170047,174541,166664,162591,159557,159259,164350,167189,172077,175188,179305,175549,171611,168285,167041,164414,158423,159199,158988,156483,158371,149342,146408,144130,139368,143696,141326,145150,155011,166572,168428,162535,161585,164749,168111,178473,181540,180432,181529,186563,187661,185407,187004,184086,176094,174014,167056,160618,153754,146789,140630,136606,135836,143233,100136,96895,96115,101352,86783,77982,72244,68364,65783,59976,56601,53553,46933,334716
40,"Rhode Island",1058287,761352,126366,63849,24529,4564,6776,37261,1574,661,1427,22240,7688,514860,543427,10723,10815,11061,11124,10951,10855,11042,11098,11090,10971,11513,11551,11852,11990,12136,12326,12315,12569,16300,18102,16993,16146,14668,14248,14683,14870,14760,15580,15800,15604,15101,14257,13768,13597,13288,13262,13284,13195,13250,12374,12002,11753,11354,11916,11690,12055,12728,13572,14091,13600,13784,14260,14470,15482,15299,15175,15565,15675,15461,15147,15152,15039,14433,14241,13301,12580,11949,11442,11139,10714,10422,11046,8054,7800,7437,7810,6523,5808,5456,5037,4809,4497,4174,3894,3630,27709
41,"South Carolina",5084156,3240035,245070,1352037,26853,18709,8986,87058,2649,3026,1907,87343,10483,2463765,2620391,56501,57519,59107,60315,59799,59718,60572,60832,62129,63268,64777,65658,63880,62812,62616,62119,61916,63512,67347,68334,66540,65935,65174,66414,67218,68615,69964,72924,73233,69666,66255,63760,63610,63580,62230,63481,63437,63512,64322,61395,59954,59836,56892,59847,58862,60724,63095,66627,66790,63219,62231,62101,64188,67929,70120,68955,68483,69577,70242,67525,67582,68266,66074,66515,64962,62911,61487,60380,59362,58243,58139,61128,43988,43148,41221,41597,34994,31720,28840,25876,23885,20943,19489,17930,15543,88740
42,"South Dakota",878698,717076,26187,19050,811,73446,6740,13346,300,495,243,18786,2218,443493,435205,12090,12311,12428,12430,12444,12187,12185,12120,12059,12133,12339,12310,12120,11901,11815,11340,11086,11124,11220,12515,12045,12052,11717,11787,11818,11792,12098,11592,11278,11355,11419,11263,11484,11608,11428,11189,11502,11245,11561,10367,10020,9845,9441,9305,8980,8855,9209,9756,9818,9392,9279,9322,9681,10429,11118,11492,11626,12027,12305,11789,11863,11647,11596,11568,11319,10943,10452,10032,9631,9016,8476,8487,6091,5876,5777,5809,4962,4398,4279,4069,3767,3508,3520,3262,2916,20988
43,"Tennessee",6771631,4991929,323759,1134077,22377,19112,12733,125116,3840,3589,2762,118894,13443,3304710,3466921,80470,80748,82293,82972,82219,82084,82586,81752,82546,83489,87039,86734,86085,85206,85166,85019,84914,87024,85288,82803,84687,85945,88224,92437,94832,95866,99859,101884,100370,95154,90962,88173,87570,87825,85287,86951,87251,85974,88867,84178,82765,82322,78490,82923,80879,83413,87538,92866,92199,86786,83880,84169,86291,91944,93737,92385,91122,91371,92335,88888,88841,88289,85498,84633,82010,77963,74668,72946,70590,69960,69555,72264,51771,51076,49383,49908,43115,38635,36036,33018,30573,26798,25550,23310,20044,120161
44,"Texas",28628666,11914334,10671804,3434008,231164,92744,196290,1412977,51461,24834,16812,425866,156372,14219315,14409351,378644,394339,407908,413946,411784,406630,403524,410674,412864,412117,421882,420810,417343,416338,414029,412042,407538,413524,404815,392957,388287,388335,394601,405013,415280,423034,436254,437736,435897,421097,415569,413888,415410,419221,407083,413266,411406,406720,411631,384002,375559,372635,365370,372508,360564,361739,370448,381615,376779,352089,339505,331662,333062,347745,350206,348158,344644,343075,344944,328777,322371,316161,302640,296792,279950,267722,251961,242589,235437,225066,220103,225167,167960,165035,158043,153737,132645,122646,113382,103204,96529,87265,81067,76688,66673,399311
45,"Utah",3153550,2463961,399140,36354,9119,29805,18860,78190,3911,30486,2556,65604,15564,1588240,1565310,48222,49325,50487,51074,51259,51963,50389,51761,52733,52616,53970,54152,53145,52743,52555,51946,50766,50572,49083,46043,46178,49777,53102,56174,53837,51073,51139,50775,47684,46149,43704,42030,42950,44288,44169,46002,46484,46347,47346,45208,44529,43146,40270,38825,36358,35089,34913,35577,34524,32292,30358,29870,28925,29789,30339,31152,31150,31462,31315,30431,30158,30027,28819,28399,27490,26291,24866,23500,22652,21919,21420,21590,15735,15640,15695,15484,13050,11961,11033,10239,9526,8713,8143,7549,6480,37637
46,"Vermont",624358,578751,10396,7914,588,2068,368,11677,160,200,50,11244,942,308279,316079,5537,5882,5946,6026,6234,6065,6263,6240,6330,6293,6601,6775,6679,6682,6884,6952,6837,7168,9435,11273,10777,10109,8805,8324,7799,7903,7636,7413,7458,7121,7321,7344,7187,7250,7306,7446,7400,7331,7506,6950,6981,6743,6510,6877,6816,6859,7321,8092,8359,7945,7799,8049,8245,8894,9182,9361,9540,10016,9766,9847,9834,9776,9431,9539,9079,8851,8517,8279,7934,7742,7462,7711,5515,5535,5296,5402,4326,4045,3585,3291,3151,2759,2560,2443,2177,14428
47,"Virginia",8501286,5236090,680303,1623613,63271,22597,23264,568627,11031,6424,3494,227389,35183,4183261,4318025,99350,101315,102831,103354,102481,102366,102713,103408,102875,101705,105874,106202,105486,104905,105523,104550,104485,106591,112411,113256,113743,114974,114565,115328,117972,119813,120345,122091,121564,118000,117596,116458,117695,117750,114814,117253,116591,115740,117666,109880,107730,105984,102429,105778,103004,104383,110611,115886,116456,110274,108914,108902,110935,117738,120171,119284,116935,117288,116751,112387,111150,108349,103911,102153,97608,92909,88385,85551,84028,81694,81601,84064,61569,60375,58450,58933,50303,45305,41944,38597,35931,32365,29785,27505,23762,151700
48,"Washington",7523869,5124051,816499,295934,26955,95867,49517,682129,15865,52914,5507,306119,52512,3764951,3758918,87480,91030,92919,93636,93156,93479,92694,93539,93853,93092,94955,94093,91981,91183,90638,89739,88796,91861,89500,86234,89174,90871,95076,100676,105929,110032,116997,121449,122510,117937,114026,111832,112932,113555,110236,110332,110175,107627,107709,99763,97098,95167,91755,93191,88815,88439,91951,98254,100308,95218,90845,88559,88911,93839,96123,98089,97871,99226,99557,96409,96584,95908,93273,92945,90091,87336,82850,79437,77191,74385,72629,75127,54162,53412,51523,50532,42754,38022,34701,31790,29945,26712,24424,22728,19865,133222
49,"West Virginia",1804291,1661525,25844,63001,1775,3828,701,14633,318,397,122,30574,1573,893309,910982,18097,18729,19150,19711,20069,20352,20270,20104,20074,20156,20938,20904,20729,20670,21083,21025,21041,21334,21788,21549,21978,22632,22858,22747,22415,22116,22910,23625,23068,21604,20498,20309,20379,20325,20027,21281,21417,21602,22957,21848,21707,21810,20798,21885,21227,22150,23042,24306,24189,22766,22429,22825,23115,24596,24878,24747,24797,25500,26159,26329,26847,26816,25583,26014,25303,24761,24320,23904,23374,23258,22436,23174,16049,15979,15333,15660,13566,12609,11524,10829,10268,9421,8534,7974,6526,40605
50,"Wisconsin",5807406,4708789,351339,371847,17805,51838,15956,169743,2999,2249,1066,98471,15304,2889225,2918181,63799,66120,67438,68224,67992,68449,68921,69229,71604,71394,73444,74201,73833,73488,74371,73747,73610,75176,76382,79227,79249,79296,79532,78692,78334,78183,77777,74192,73340,70744,69987,70803,72935,75742,73130,74713,75020,74519,76027,71221,68895,67940,65054,66965,63795,64442,67761,73496,74566,71703,71529,73754,75991,80638,82915,83773,84592,86842,86481,84141,82992,81618,78037,77570,74571,71165,69029,65685,62858,60119,57923,59011,42608,41708,40589,41802,36282,32271,29724,28568,27005,24700,23219,21719,18806,128469
51,"Wyoming",577601,484447,50527,6455,946,12289,3572,5873,441,406,176,10145,2324,294276,283325,6679,7088,7270,7378,7372,7364,7403,7474,7775,7831,8033,8027,7782,7780,7444,7449,7202,7188,7162,7287,7558,7709,7881,7503,7514,7464,7867,7821,7996,7705,7424,7585,7826,8068,7964,8006,7987,7725,8030,7435,7096,6860,6604,6614,6379,6233,6384,6703,6889,6278,6147,6113,6184,6739,7126,7441,7436,8053,8330,8086,8089,8279,8115,8057,7785,7486,6947,6669,6426,6059,5954,6100,4191,4225,4079,4045,3495,3052,2916,2691,2426,2254,2037,1862,1701,10910
